nickname,date,time
쿠키,2025-02-28 10:08
빙봉,2025-02-28 10:07
빙티,2025-02-28 10:07
이든,2025-02-28 10:07
빙봉,2025-02-27 11:11
이든,2025-02-27 10:06
짱수,2025-02-27 10:00
빙봉,2025-02-26 10:02
쿠키,2025-02-26 10:02
빙티,2025-02-25 10:08
빙봉,2025-02-25 10:06
이든,2025-02-25 10:02
쿠키,2025-02-25 10:01
짱수,2025-02-25 10:00
쿠키,2025-02-24 13:03
빙봉,2025-02-24 13:02
이든,2025-02-24 13:01
짱수,2025-02-24 13:00
빙봉,2025-03-06 10:08
이든,2025-03-06 10:07
빙티,2025-03-06 10:01
짱수,2025-03-06 10:00
쿠키,2025-03-05 10:07
빙봉,2025-03-05 10:06
빙티,2025-03-05 10:06
짱수,2025-03-05 10:00
이든,2025-03-04 10:08
빙봉,2025-03-04 10:07
빙티,2025-03-04 10:02
쿠키,2025-03-04 10:02
짱수,2025-03-04 10:00
빙티,2025-02-21 10:07
이든,2025-02-21 10:06
쿠키,2025-02-21 10:06
빙봉,2025-02-21 10:03
짱수,2025-02-21 10:00
빙봉,2025-02-20 10:06
이든,2025-02-20 10:02
쿠키,2025-02-20 10:01
빙티,2025-02-20 10:00
짱수,2025-02-20 10:00
